zoebreadtok,
shaunaddewit,
mushr00mfairy222,
jessicakirson,
lillytino_,
palim_tintin,
runetsout,
__elfie___,
kukombo,
bellyythebutton,
maddie.cleary,
ramalauw,
nyaravt,
melshoshahi,
tandarok,
shoptunnelvision,
whimsysoul,
techroastshow,
loveletterstosf,
americascomic,
danielryanspaulding,
dylanmulvaney,
celestialhuntress,
jade..harmony,
grace.hylandd,
ts_jewess,
rebelllhor,
themermaidscale,
tallywyteee,
pasha,
starryribbons,
sssmalltea,
hhhaydenn,
andreasfashiongalaxy,
itsmoonrain,
shaunadewit,
norabinki